<?xml version="1.0" encoding="UTF-8"?>
<project-private xmlns="http://www.netbeans.org/ns/project-private/1">
    <editor-bookmarks xmlns="http://www.netbeans.org/ns/editor-bookmarks/2" lastBookmarkId="0"/>
    <open-files xmlns="http://www.netbeans.org/ns/projectui-open-files/2">
        <group>
            <file>file:/C:/SEMESTER%203/PRAKTIKUM%20PEMROGRAMAN%20VISUAL%202/PROJEK%20AKHIR%20PEMVIS/ProjekPerpustakaan/src/projekperpustakaan/Login.java</file>
            <file>file:/C:/SEMESTER%203/PRAKTIKUM%20PEMROGRAMAN%20VISUAL%202/PROJEK%20AKHIR%20PEMVIS/ProjekPerpustakaan/src/projekperpustakaan/User.java</file>
            <file>file:/C:/SEMESTER%203/PRAKTIKUM%20PEMROGRAMAN%20VISUAL%202/PROJEK%20AKHIR%20PEMVIS/ProjekPerpustakaan/src/projekperpustakaan/DataBuku.java</file>
            <file>file:/C:/SEMESTER%203/PRAKTIKUM%20PEMROGRAMAN%20VISUAL%202/PROJEK%20AKHIR%20PEMVIS/ProjekPerpustakaan/src/projekperpustakaan/SignUp.java</file>
            <file>file:/C:/SEMESTER%203/PRAKTIKUM%20PEMROGRAMAN%20VISUAL%202/PROJEK%20AKHIR%20PEMVIS/ProjekPerpustakaan/src/projekperpustakaan/BerandaPerpustakaan.java</file>
        </group>
    </open-files>
</project-private>
